car_ID,symboling,doornumber,wheelbase,carlength,carwidth,carheight,curbweight,enginetype,cylindernumber,enginesize,fuelsystem,boreratio,stroke,compressionratio,horsepower,peakrpm,citympg,highwaympg,price,log_price,log_enginesize,log_horsepower,log_compressionratio,brand_mazda,brand_mitsubishi,brand_nissan,brand_other,brand_peugeot,brand_subaru,brand_toyota,brand_volkswagen,brand_volvo,fueltype_gas,aspiration_turbo,carbody_hardtop,carbody_hatchback,carbody_sedan,carbody_wagon,drivewheel_fwd,drivewheel_rwd,enginelocation_rear,size_pc,power_pc,hp_x_size,weight_x_mpg
1,3,1,88.6,168.8,64.1,48.8,2548,0,2,130,5,3.47,2.68,9.0,111,5000,21,27,13495.0,9.510074525452104,4.867534450455582,4.709530201312334,2.1972245773362196,False,False,False,True,False,False,False,False,False,True,False,False,False,False,False,False,True,False,-1.469742170067897,-2.2017643432335463,14430,53508
2,3,1,88.6,168.8,64.1,48.8,2548,0,2,130,5,3.47,2.68,9.0,111,5000,21,27,16500.0,9.711115659888671,4.867534450455582,4.709530201312334,2.1972245773362196,False,False,False,True,False,False,False,False,False,True,False,False,False,False,False,False,True,False,-1.469742170067897,-2.2017643432335463,14430,53508
3,1,1,94.5,171.2,65.5,52.4,2823,5,3,152,5,2.68,3.47,9.0,154,5000,19,26,16500.0,9.711115659888671,5.0238805208462765,5.0369526024136295,2.1972245773362196,False,False,False,True,False,False,False,False,False,True,False,False,True,False,False,False,True,False,0.37435133739668675,-1.5628120920655806,23408,53637
4,2,0,99.8,176.6,66.2,54.3,2337,3,2,109,5,3.19,3.4,10.0,102,5500,24,30,13950.0,9.543234787249512,4.6913478822291435,4.624972813284271,2.302585092994046,False,False,False,True,False,False,False,False,False,True,False,False,False,True,False,True,False,False,-0.11503346880448809,0.45631127971330626,11118,56088
5,2,0,99.4,176.6,66.4,54.3,2824,3,1,136,5,3.19,3.4,8.0,115,5500,18,22,17450.0,9.767094927630573,4.912654885736052,4.74493212836325,2.0794415416798357,False,False,False,True,False,False,False,False,False,True,False,False,False,True,False,False,False,False,0.6902762923577822,-0.030997892244340953,15640,50832
6,2,1,99.8,177.3,66.3,53.1,2507,3,1,136,5,3.19,3.4,8.5,110,5500,19,25,15250.0,9.632334782035558,4.912654885736052,4.700480365792417,2.1400661634962708,False,False,False,True,False,False,False,False,False,True,False,False,False,True,False,True,False,False,0.3152714576017243,-0.23307250938687626,14960,47633
7,1,0,105.8,192.7,71.4,55.7,2844,3,1,136,5,3.19,3.4,8.5,110,5500,19,25,17710.0,9.781884730776879,4.912654885736052,4.700480365792417,2.1400661634962708,False,False,False,True,False,False,False,False,False,True,False,False,False,True,False,True,False,False,2.717077294773885,0.9775486642872511,14960,54036
8,1,0,105.8,192.7,71.4,55.7,2954,3,1,136,5,3.19,3.4,8.5,110,5500,19,25,18920.0,9.847974842605868,4.912654885736052,4.700480365792417,2.1400661634962708,False,False,False,True,False,False,False,False,False,True,False,False,False,False,True,True,False,False,2.8113253142647334,0.9585401777938147,14960,56126
9,1,0,105.8,192.7,71.4,55.9,3086,3,1,131,5,3.13,3.4,8.3,140,5500,17,20,23875.0,10.08058716534893,4.875197323201151,4.941642422609304,2.1162555148025524,False,False,False,True,False,False,False,False,False,True,True,False,False,True,False,True,False,False,3.1652081588261853,0.6448351874976546,18340,52462
10,0,1,99.5,178.2,67.9,52.0,3053,3,1,131,5,3.13,3.4,7.0,160,5500,16,22,17859.167,9.790272212805272,4.875197323201151,5.075173815233827,1.9459101490553132,False,False,False,True,False,False,False,False,False,True,True,False,True,False,False,False,False,False,1.4346408215013522,-1.2800695943511244,20960,48848
11,2,1,101.2,176.8,64.8,54.3,2395,3,2,108,5,3.5,2.8,8.8,101,5800,23,29,16430.0,9.706864211031315,4.68213122712422,4.61512051684126,2.174751721484161,False,False,False,True,False,False,False,False,False,True,False,False,False,True,False,False,True,False,-0.25940600206590747,0.5604664134208709,10908,55085
12,0,0,101.2,176.8,64.8,54.3,2395,3,2,108,5,3.5,2.8,8.8,101,5800,23,29,16925.0,9.736547097780475,4.68213122712422,4.61512051684126,2.174751721484161,False,False,False,True,False,False,False,False,False,True,False,False,False,True,False,False,True,False,-0.25940600206590747,0.5604664134208709,10908,55085
13,0,1,101.2,176.8,64.8,54.3,2710,3,3,164,5,3.31,3.19,9.0,121,4250,21,28,20970.0,9.950848123895966,5.099866427824199,4.795790545596741,2.1972245773362196,False,False,False,True,False,False,False,False,False,True,False,False,False,True,False,False,True,False,0.7248748908473572,-0.18965816785662515,19844,56910
14,0,0,101.2,176.8,64.8,54.3,2765,3,3,164,5,3.31,3.19,9.0,121,4250,21,28,21105.0,9.9572652582166,5.099866427824199,4.795790545596741,2.1972245773362196,False,False,False,True,False,False,False,False,False,True,False,False,False,True,False,False,True,False,0.7719989005927814,-0.19916241110334343,19844,58065
15,1,0,103.5,189.0,66.9,55.7,3055,3,3,164,5,3.31,3.19,9.0,121,4250,20,25,24565.0,10.109077944602749,5.099866427824199,4.795790545596741,2.1972245773362196,False,False,False,True,False,False,False,False,False,True,False,False,False,True,False,False,True,False,2.106337066089772,0.4397461747536204,19844,61100
16,0,0,103.5,189.0,66.9,55.7,3230,3,3,209,5,3.62,3.39,8.0,182,5400,16,22,30760.0,10.333970423619581,5.342334251964811,5.204006687076795,2.0794415416798357,False,False,False,True,False,False,False,False,False,True,False,False,False,True,False,False,True,False,3.2399793246463733,-0.7320065226957646,38038,51680
17,0,1,103.5,193.8,67.9,53.7,3380,3,3,209,5,3.62,3.39,8.0,182,5400,16,22,40960.0,10.628980909135285,5.342334251964811,5.204006687076795,2.0794415416798357,False,False,False,True,False,False,False,False,False,True,False,False,False,True,False,False,True,False,3.582385736506546,-1.2926503902791568,38038,54080
18,0,0,110.0,197.0,70.9,56.3,3505,3,3,209,5,3.62,3.39,8.0,182,5400,15,20,36880.0,10.51542467767053,5.342334251964811,5.204006687076795,2.0794415416798357,False,False,False,True,False,False,False,False,False,True,False,False,False,True,False,False,True,False,5.002719501475684,-0.16345120608692754,38038,52575
19,2,1,88.4,141.1,60.3,53.2,1819,2,4,70,1,2.91,3.03,9.5,52,5100,47,53,5195.0,8.546946149565585,4.110873864173311,3.871201010907891,2.2512917986064953,False,False,False,True,False,False,False,False,False,True,False,False,True,False,False,True,False,False,-4.591453760919915,0.10489180396961133,3640,85493
20,1,1,94.5,155.9,63.6,52.0,1874,3,2,90,1,3.03,3.11,9.6,70,5400,38,43,6295.0,8.747510946478448,4.499809670330265,4.248495242049359,2.2617630984737906,False,False,False,True,False,False,False,False,False,True,False,False,True,False,False,True,False,False,-2.723745179185193,-0.1344008844396802,6300,71212
21,0,0,94.5,158.8,63.6,52.0,1909,3,2,90,1,3.03,3.11,9.6,70,5400,38,43,6575.0,8.791029857045965,4.499809670330265,4.248495242049359,2.2617630984737906,False,False,False,True,False,False,False,False,False,True,False,False,False,True,False,True,False,False,-2.5934744255544557,-0.10142233863524526,6300,72542
22,1,1,93.7,157.3,63.8,50.8,1876,3,2,90,1,2.97,3.23,9.41,68,5500,37,41,5572.0,8.625509334899697,4.499809670330265,4.219507705176107,2.2417729535972883,False,False,False,True,False,False,False,False,False,True,False,False,True,False,False,True,False,False,-2.793521022994387,-0.491122518082252,6120,69412
23,1,1,93.7,157.3,63.8,50.8,1876,3,2,90,1,2.97,3.23,9.4,68,5500,31,38,6377.0,8.760453046315272,4.499809670330265,4.219507705176107,2.2407096892759584,False,False,False,True,False,False,False,False,False,True,False,False,True,False,False,True,False,False,-2.793521022994387,-0.491122518082252,6120,58156
24,1,1,93.7,157.3,63.8,50.8,2128,3,2,98,5,3.03,3.39,7.6,102,5500,24,30,7957.0,8.981807323377534,4.584967478670572,4.624972813284271,2.028148247292285,False,False,False,True,False,False,False,False,False,True,True,False,True,False,False,True,False,False,-2.191604390827615,-1.0378038019564169,9996,51072
25,1,0,93.7,157.3,63.8,50.6,1967,3,2,90,1,2.97,3.23,9.4,68,5500,31,38,6229.0,8.736971085254146,4.499809670330265,4.219507705176107,2.2407096892759584,False,False,False,True,False,False,False,False,False,True,False,False,True,False,False,True,False,False,-2.730313405928866,-0.5659220346418743,6120,60977
26,1,0,93.7,157.3,63.8,50.6,1989,3,2,90,1,2.97,3.23,9.4,68,5500,31,38,6692.0,8.808668062106715,4.499809670330265,4.219507705176107,2.2407096892759584,False,False,False,True,False,False,False,False,False,True,False,False,False,True,False,True,False,False,-2.7114638020306963,-0.5697237319405615,6120,61659
27,1,0,93.7,157.3,63.8,50.6,1989,3,2,90,1,2.97,3.23,9.4,68,5500,31,38,7609.0,8.937087036176523,4.499809670330265,4.219507705176107,2.2407096892759584,False,False,False,True,False,False,False,False,False,True,False,False,False,True,False,True,False,False,-2.7114638020306963,-0.5697237319405615,6120,61659
28,1,1,93.7,157.3,63.8,50.6,2191,3,2,98,5,3.03,3.39,7.6,102,5500,24,30,8558.0,9.054621796976763,4.584967478670572,4.624972813284271,2.028148247292285,False,False,False,True,False,False,False,False,False,True,True,False,False,True,False,True,False,False,-2.1523871787234006,-1.1077647946813463,9996,52584
29,-1,0,103.3,174.6,64.6,59.8,2535,3,2,122,1,3.34,3.46,8.5,88,5000,24,30,8921.0,9.096163326913784,4.804021044733257,4.477336814478207,2.1400661634962708,False,False,False,True,False,False,False,False,False,True,False,False,False,False,True,True,False,False,0.30281106600843005,2.3104473832256325,10736,60840
30,3,1,95.9,173.2,66.3,50.2,2811,3,2,156,4,3.6,3.9,7.0,145,5000,19,24,12964.0,9.469931564261438,5.049856007249537,4.976733742420574,1.9459101490553132,False,False,False,True,False,False,False,False,False,True,True,False,True,False,False,True,False,False,0.4745656723490062,-2.0262706434586777,22620,53409
31,2,1,86.6,144.6,63.9,50.8,1819,3,2,92,0,2.91,3.41,9.6,58,4800,49,54,6479.0,8.776321456449958,4.5217885770490405,4.060443010546419,2.2617630984737906,False,False,False,False,False,False,False,False,False,True,False,False,True,False,False,True,False,False,-3.7974445200049214,-0.9382174534170129,5336,89131
32,2,1,86.6,144.6,63.9,50.8,1819,3,2,92,0,2.91,3.41,9.2,76,6000,31,38,6855.0,8.832733591996416,4.5217885770490405,4.330733340286331,2.2192034840549946,False,False,False,False,False,False,False,False,False,True,False,False,True,False,False,True,False,False,-3.633328110100714,-1.1715776110001936,6992,56389
33,1,1,93.7,150.0,64.0,52.6,1837,3,2,79,0,2.91,3.07,10.1,60,5500,38,42,5399.0,8.593969030218288,4.3694478524670215,4.0943445622221,2.312535423847214,False,False,False,False,False,False,False,False,False,True,False,False,True,False,False,True,False,False,-3.0848666397094084,0.1367683307506696,4740,69806
34,1,1,93.7,150.0,64.0,52.6,1940,3,2,92,0,2.91,3.41,9.2,76,6000,30,34,6529.0,8.784009071186633,4.5217885770490405,4.330733340286331,2.2192034840549946,False,False,False,False,False,False,False,False,False,True,False,False,True,False,False,True,False,False,-2.7272263161214467,-0.18976941193390282,6992,58200
35,1,1,93.7,150.0,64.0,52.6,1956,3,2,92,0,2.91,3.41,9.2,76,6000,30,34,7129.0,8.871926251117628,4.5217885770490405,4.330733340286331,2.2192034840549946,False,False,False,False,False,False,False,False,False,True,False,False,True,False,False,True,False,False,-2.713517513286414,-0.19253428269658454,6992,58680
36,0,0,96.5,163.4,64.0,54.5,2010,3,2,92,0,2.91,3.41,9.2,76,6000,30,34,7295.0,8.894944460956886,4.5217885770490405,4.330733340286331,2.2192034840549946,False,False,False,False,False,False,False,False,False,True,False,False,False,True,False,True,False,False,-1.8809361729602523,0.6971156767924525,6992,60300
37,0,0,96.5,157.1,63.9,58.3,2024,3,2,92,0,2.92,3.41,9.2,76,6000,30,34,7295.0,8.894944460956886,4.5217885770490405,4.330733340286331,2.2192034840549946,False,False,False,False,False,False,False,False,False,True,False,False,False,False,True,True,False,False,-1.825885125963593,1.7331838381822149,6992,60720
38,0,1,96.5,167.5,65.2,53.3,2236,3,2,110,0,3.15,3.58,9.0,86,5800,27,33,7895.0,8.973984926689743,4.700480365792417,4.454347296253507,2.1972245773362196,False,False,False,False,False,False,False,False,False,True,False,False,True,False,False,True,False,False,-1.1372839409676905,0.07858385178292134,9460,60372
39,0,1,96.5,167.5,65.2,53.3,2289,3,2,110,0,3.15,3.58,9.0,86,5800,27,33,9095.0,9.115480090952223,4.700480365792417,4.454347296253507,2.1972245773362196,False,False,False,False,False,False,False,False,False,True,False,False,True,False,False,True,False,False,-1.0918735315766455,0.06942521738153824,9460,61803
40,0,0,96.5,175.4,65.2,54.1,2304,3,2,110,0,3.15,3.58,9.0,86,5800,27,33,8845.0,9.087607606593886,4.700480365792417,4.454347296253507,2.1972245773362196,False,False,False,False,False,False,False,False,False,True,False,False,False,True,False,True,False,False,-0.7467926965839259,0.40944452285060645,9460,62208
41,0,0,96.5,175.4,62.5,54.1,2372,3,2,110,0,3.15,3.58,9.0,86,5800,27,33,10295.0,9.23941361946189,4.700480365792417,4.454347296253507,2.1972245773362196,False,False,False,False,False,False,False,False,False,True,False,False,False,True,False,True,False,False,-1.2164157591464602,0.4208489720117412,9460,64044
42,0,0,96.5,175.4,65.2,54.1,2465,3,2,110,5,3.15,3.58,9.0,101,5800,24,28,12945.0,9.468464892185638,4.700480365792417,4.61512051684126,2.1972245773362196,False,False,False,False,False,False,False,False,False,True,False,False,False,True,False,True,False,False,-0.4720841931362389,0.1871562128151383,11110,59160
43,1,1,96.5,169.1,66.0,51.0,2293,3,2,110,1,3.15,3.58,9.1,100,5500,25,31,10345.0,9.244258590179644,4.700480365792417,4.605170185988092,2.2082744135228043,False,False,False,False,False,False,False,False,False,True,False,False,False,True,False,True,False,False,-0.9188151000804231,-0.7774517696227603,11000,57325
44,0,0,94.3,170.7,61.8,53.5,2337,3,2,111,1,3.31,3.23,8.5,78,4800,24,29,6785.0,8.82246957226897,4.709530201312334,4.356708826689592,2.1400661634962708,False,False,False,True,False,False,False,False,False,True,False,False,False,True,False,False,True,False,-1.7970694568382155,0.1646430343019593,8658,56088
45,1,1,94.5,155.9,63.6,52.0,1874,3,2,90,1,3.03,3.11,9.6,70,5400,38,43,8916.5,9.095658771892568,4.499809670330265,4.248495242049359,2.2617630984737906,False,False,False,True,False,False,False,False,False,True,False,False,False,True,False,True,False,False,-2.723745179185193,-0.1344008844396802,6300,71212
46,0,0,94.5,155.9,63.6,52.0,1909,3,2,90,1,3.03,3.11,9.6,70,5400,38,43,8916.5,9.095658771892568,4.499809670330265,4.248495242049359,2.2617630984737906,False,False,False,True,False,False,False,False,False,True,False,False,False,True,False,True,False,False,-2.693757172983559,-0.14044903923304639,6300,72542
47,2,1,96.0,172.6,65.2,51.4,2734,3,2,119,7,3.43,3.23,9.2,90,5000,24,29,11048.0,9.310004695089129,4.77912349311153,4.499809670330265,2.2192034840549946,False,False,False,True,False,False,False,False,False,True,False,False,True,False,False,False,True,False,-0.585119527203444,-0.6501546440170533,10710,65616
48,0,0,113.0,199.6,69.6,52.8,3950,0,3,258,5,3.63,4.17,8.1,176,4750,15,19,32250.0,10.381273322223919,5.552959584921617,5.170483995038151,2.0918640616783932,False,False,False,True,False,False,False,False,False,True,False,False,False,True,False,False,True,False,5.568001134785787,-1.3633853544399255,45408,59250
49,0,0,113.0,199.6,69.6,52.8,3950,0,3,258,5,3.63,4.17,8.1,176,4750,15,19,35550.0,10.478695435231387,5.552959584921617,5.170483995038151,2.0918640616783932,False,False,False,True,False,False,False,False,False,True,False,False,False,True,False,False,True,False,5.568001134785787,-1.3633853544399255,45408,59250
50,0,1,102.0,191.7,70.6,47.8,3950,5,5,304,5,3.54,2.76,11.5,207,5000,13,17,36000.0,10.491274217438248,5.786897381366708,5.568344503761097,2.4423470353692043,False,False,False,True,False,False,False,False,False,True,False,False,False,True,False,False,True,False,5.123197180400641,-4.3340390153547155,62928,51350
51,1,1,93.1,159.1,64.2,54.1,1890,3,2,91,1,3.03,3.15,9.0,68,5000,30,31,5195.0,8.555451903533328,4.51085950651685,4.219507705176107,2.1972245773362196,True,False,False,False,False,False,False,False,False,True,False,False,True,False,False,True,False,False,-2.4271672123789454,0.46044633942618424,6188,56700
52,1,1,93.1,159.1,64.2,54.1,1900,3,2,91,1,3.03,3.15,9.0,68,5000,31,38,6095.0,8.715224041915372,4.51085950651685,4.219507705176107,2.1972245773362196,True,False,False,False,False,False,False,False,False,True,False,False,True,False,False,True,False,False,-2.41859921060705,0.4587182951995082,6188,58900
53,1,1,93.1,159.1,64.2,54.1,1905,3,2,91,1,3.03,3.15,9.0,68,5000,31,38,6795.0,8.823942326585245,4.51085950651685,4.219507705176107,2.1972245773362196,True,False,False,False,False,False,False,False,False,True,False,False,True,False,False,True,False,False,-2.4143152097211025,0.45785427308617016,6188,59055
54,1,0,93.1,166.8,64.2,54.1,1945,3,2,91,1,3.03,3.15,9.0,68,5000,31,38,6695.0,8.809116258125274,4.51085950651685,4.219507705176107,2.1972245773362196,True,False,False,False,False,False,False,False,False,True,False,False,False,True,False,True,False,False,-2.113775218080384,0.5545647150081102,6188,60295
55,1,0,93.1,166.8,64.2,54.1,1950,3,2,91,1,3.08,3.15,9.0,68,5000,31,38,7395.0,8.9085593751449,4.51085950651685,4.219507705176107,2.1972245773362196,True,False,False,False,False,False,False,False,False,True,False,False,False,True,False,True,False,False,-2.1094912171944364,0.5537006928947723,6188,60450
56,3,1,95.3,169.0,65.7,49.6,2380,6,6,70,2,3.33,3.255,9.4,101,6000,17,23,10945.0,9.300638009956963,4.248495242049359,4.61512051684126,2.2407096892759584,True,False,False,False,False,False,False,False,False,True,False,False,True,False,False,False,True,False,-1.4589260115560527,-0.9735040468799641,7070,40460
57,3,1,95.3,169.0,65.7,49.6,2380,6,6,70,2,3.33,3.255,9.4,101,6000,17,23,11845.0,9.379661116592885,4.248495242049359,4.61512051684126,2.2407096892759584,True,False,False,False,False,False,False,False,False,True,False,False,True,False,False,False,True,False,-1.4589260115560527,-0.9735040468799641,7070,40460
58,3,1,95.3,169.0,65.7,49.6,2385,6,6,70,2,3.33,3.255,9.4,101,6000,17,23,13645.0,9.521128433142438,4.248495242049359,4.61512051684126,2.2407096892759584,True,False,False,False,False,False,False,False,False,True,False,False,True,False,False,False,True,False,-1.454642010670105,-0.9743680689933021,7070,40545
59,3,1,95.3,169.0,65.7,49.6,2500,6,6,80,5,3.33,3.255,9.4,135,6000,16,23,15645.0,9.657906656102982,4.382026634673881,4.90527477843843,2.2407096892759584,True,False,False,False,False,False,False,False,False,True,False,False,True,False,False,False,True,False,-0.9511056716876439,-1.5129609371104296,10800,40000
60,1,1,98.8,177.8,66.5,53.7,2385,3,2,122,1,3.39,3.39,8.6,84,4800,26,32,8845.0,9.087607606593886,4.804021044733257,4.430816798843313,2.151762203259462,True,False,False,False,False,False,False,False,False,True,False,False,True,False,False,True,False,False,-0.12390076655105745,0.3601920237825087,10248,62010
61,0,0,98.8,177.8,66.5,55.5,2410,3,2,122,1,3.39,3.39,8.6,84,4800,26,32,8495.0,9.047233034106032,4.804021044733257,4.430816798843313,2.151762203259462,True,False,False,False,False,False,False,False,False,True,False,False,False,True,False,True,False,False,0.03037002940721618,0.887540740087659,10248,62660
62,1,1,98.8,177.8,66.5,53.7,2385,3,2,122,1,3.39,3.39,8.6,84,4800,26,32,10595.0,9.2681374707024,4.804021044733257,4.430816798843313,2.151762203259462,True,False,False,False,False,False,False,False,False,True,False,False,True,False,False,True,False,False,-0.12390076655105745,0.3601920237825087,10248,62010
63,0,0,98.8,177.8,66.5,55.5,2410,3,2,122,1,3.39,3.39,8.6,84,4800,26,32,10245.0,9.234545060673,4.804021044733257,4.430816798843313,2.151762203259462,True,False,False,False,False,False,False,False,False,True,False,False,False,True,False,True,False,False,0.03037002940721618,0.887540740087659,10248,62660
64,0,0,98.8,177.8,66.5,55.5,2443,3,2,122,3,3.39,3.39,22.7,64,4650,36,42,10795.0,9.286838342948908,4.804021044733257,4.1588830833596715,3.122364924487357,True,False,False,False,False,False,False,False,False,False,False,False,False,True,False,True,False,False,-0.12370713130575951,1.1411272581209397,7808,87948
65,0,0,98.8,177.8,66.5,55.5,2425,3,2,122,1,3.39,3.39,8.6,84,4800,26,32,11245.0,9.327678864393416,4.804021044733257,4.430816798843313,2.151762203259462,True,False,False,False,False,False,False,False,False,True,False,False,True,False,False,True,False,False,0.0432220320650591,0.884948673747645,10248,63050
66,0,0,104.9,175.0,66.1,54.4,2670,3,2,140,5,3.76,3.16,8.0,120,5000,19,27,18280.0,9.813562845008141,4.941642422609304,4.787491742782046,2.0794415416798357,True,False,False,False,False,False,False,False,False,True,False,False,False,True,False,False,True,False,0.8942071763308568,0.21946536581334525,16800,50730
67,0,0,104.9,175.0,66.1,54.4,2700,3,2,134,3,3.43,3.64,22.0,72,4200,31,39,18344.0,9.81705782453774,4.897839799950911,4.276666119016055,3.091042453358316,True,False,False,False,False,False,False,False,False,False,False,False,False,True,False,False,True,False,0.4252634286300261,0.8833323571337389,9648,83700
68,-1,0,110.0,190.9,70.3,56.5,3515,3,1,183,3,3.58,3.64,21.5,123,4350,22,25,25552.0,10.148470870454794,5.209486152841421,4.812184355372417,3.068052935133617,False,False,False,True,False,False,False,False,False,False,True,False,False,True,False,False,True,False,3.912846821349673,0.7844680172398575,22509,77330
69,-1,0,110.0,190.9,70.3,58.7,3750,3,1,183,3,3.58,3.64,21.5,123,4350,22,25,28248.0,10.248777937608223,5.209486152841421,4.812184355372417,3.068052935133617,False,False,False,True,False,False,False,False,False,False,True,False,False,False,True,False,True,False,4.2765680526352,1.3936764329785545,22509,82500
70,0,1,106.7,187.5,70.3,54.9,3495,3,1,183,3,3.58,3.64,21.5,123,4350,22,25,28176.0,10.246225830735987,5.209486152841421,4.812184355372417,3.068052935133617,False,False,False,True,False,False,False,False,False,False,True,True,False,False,False,False,True,False,3.444714761895261,0.08401380412568908,22509,76890
71,-1,0,115.6,202.6,71.7,56.3,3770,3,1,183,3,3.58,3.64,21.5,123,4350,22,25,31600.0,10.360912399575003,5.209486152841421,4.812184355372417,3.068052935133617,False,False,False,True,False,False,False,False,False,False,True,False,False,True,False,False,True,False,5.160291649331275,1.141665037356972,22509,82940
72,-1,0,115.6,202.6,71.7,56.5,3740,5,0,234,5,3.46,3.1,8.3,155,4750,16,18,34184.0,10.439512977323862,5.455321115357702,5.043425116919247,2.1162555148025524,False,False,False,True,False,False,False,False,False,True,False,False,False,True,False,False,True,False,5.925645292382379,0.39362333297894647,36270,59840
73,3,1,96.6,180.3,70.5,50.8,3685,5,0,234,5,3.46,3.1,8.3,155,4750,16,18,35056.0,10.464702061835247,5.455321115357702,5.043425116919247,2.1162555148025524,False,False,False,True,False,False,False,False,False,True,False,False,False,False,False,False,True,False,3.212272154361521,-2.6386788217133237,36270,58960
74,0,0,120.9,208.1,71.7,56.7,3900,5,0,304,5,3.8,3.35,8.0,184,4500,14,16,40960.0,10.62035125971339,5.730099782973574,5.214935757608986,2.0794415416798357,False,False,False,True,False,False,False,False,False,True,False,False,False,True,False,False,True,False,7.54298108848933,-0.12438553931090195,55936,54600
75,1,1,112.0,199.2,72.0,55.4,3715,5,0,304,5,3.8,3.35,8.0,184,4500,14,16,40960.0,10.72326738402944,5.717027701406222,5.214935757608986,2.0794415416798357,False,False,False,True,False,False,False,False,False,True,False,True,False,False,False,False,True,False,6.458666750348064,-1.0991947876094808,55936,52010
76,1,1,102.7,178.4,68.0,54.8,2910,3,2,140,5,3.78,3.12,8.0,175,5000,19,24,16503.0,9.711297461543568,4.941642422609304,5.1647859739235145,2.0794415416798357,False,False,False,True,False,False,False,False,False,True,True,False,True,False,False,False,True,False,1.9763205401629842,-0.511149813856037,24500,55290
77,2,1,93.7,157.3,64.4,50.8,1918,3,2,92,1,2.97,3.23,9.4,68,5500,37,41,5389.0,8.592115117933497,4.5217885770490405,4.219507705176107,2.2407096892759584,False,True,False,False,False,False,False,False,False,True,False,False,True,False,False,True,False,False,-2.6212262012147876,-0.5191116828499455,6256,70966
78,2,1,93.7,157.3,64.4,50.8,1944,3,2,92,1,2.97,3.23,9.4,68,5500,31,38,6189.0,8.73052880173936,4.5217885770490405,4.219507705176107,2.2407096892759584,False,True,False,False,False,False,False,False,False,True,False,False,True,False,False,True,False,False,-2.5989493966078596,-0.523604597839303,6256,60264
79,2,1,93.7,157.3,64.4,50.8,2004,3,2,92,1,2.97,3.23,9.4,68,5500,31,38,6669.0,8.805225202632306,4.5217885770490405,4.219507705176107,2.2407096892759584,False,True,False,False,False,False,False,False,False,True,False,False,True,False,False,True,False,False,-2.547541385976488,-0.5339728631993593,6256,62124
80,1,1,93.0,157.3,63.8,50.8,2145,3,2,98,6,3.03,3.39,7.6,102,5500,24,30,7689.0,8.94754601503218,4.584967478670572,4.624972813284271,2.028148247292285,False,True,False,False,False,False,False,False,False,True,True,False,True,False,False,True,False,False,-2.222715609330919,-1.0801027628080264,9996,51480
81,3,1,96.3,173.0,65.4,49.4,2370,3,2,110,6,3.17,3.46,7.5,116,5500,23,30,9959.0,9.20623194393164,4.700480365792417,4.7535901911063645,2.0149030205422647,False,True,False,False,False,False,False,False,False,True,True,False,True,False,False,True,False,False,-0.8205452241751666,-1.4243997833173279,12760,54510
82,3,1,96.3,173.0,65.4,49.4,2328,3,2,122,1,3.35,3.46,8.5,88,5000,25,32,8499.0,9.047703788498627,4.804021044733257,4.477336814478207,2.1400661634962708,False,True,False,False,False,False,False,False,False,True,False,False,True,False,False,True,False,False,-0.9978150382575207,-1.1476520488819997,10736,58200
83,3,1,95.9,173.2,66.3,50.2,2833,3,2,156,6,3.58,3.86,7.0,145,5000,19,24,12629.0,9.44375103564617,5.049856007249537,4.976733742420574,1.9459101490553132,False,True,False,False,False,False,False,False,False,True,True,False,True,False,False,True,False,False,0.4934152762471759,-2.030072340757365,22620,53827
84,3,1,95.9,173.2,66.3,50.2,2921,3,2,156,6,3.59,3.86,7.0,145,5000,19,24,14869.0,9.607033787697222,5.049856007249537,4.976733742420574,1.9459101490553132,False,True,False,False,False,False,False,False,False,True,True,False,True,False,False,True,False,False,0.5688136918398545,-2.0452791299521142,22620,55499
85,3,1,95.9,173.2,66.3,50.2,2926,3,2,156,6,3.59,3.86,7.0,145,5000,19,24,14489.0,9.581145019820722,5.049856007249537,4.976733742420574,1.9459101490553132,False,True,False,False,False,False,False,False,False,True,True,False,True,False,False,True,False,False,0.5730976927258022,-2.046143152065452,22620,55594
86,1,0,96.3,172.4,65.4,51.6,2365,3,2,122,1,3.35,3.46,8.5,88,5000,25,32,6989.0,8.85209276347713,4.804021044733257,4.477336814478207,2.1400661634962708,False,True,False,False,False,False,False,False,False,True,False,False,False,True,False,True,False,False,-0.8244883966960239,-0.5123028472339718,10736,59125
87,1,0,96.3,172.4,65.4,51.6,2405,3,2,122,1,3.35,3.46,8.5,88,5000,25,32,8189.0,9.010547069270189,4.804021044733257,4.477336814478207,2.1400661634962708,False,True,False,False,False,False,False,False,False,True,False,False,False,True,False,True,False,False,-0.7902163896084428,-0.519215024140676,10736,60125
88,1,0,96.3,172.4,65.4,51.6,2403,3,2,110,6,3.17,3.46,7.5,116,5500,23,30,9279.0,9.13550906135318,4.700480365792417,4.7535901911063645,2.0149030205422647,False,True,False,False,False,False,False,False,False,True,True,False,False,True,False,True,False,False,-0.650645783322428,-0.7883593639786296,12760,55269
89,-1,0,96.3,172.4,65.4,51.6,2403,3,2,110,6,3.17,3.46,7.5,116,5500,23,30,9279.0,9.13550906135318,4.700480365792417,4.7535901911063645,2.0149030205422647,False,True,False,False,False,False,False,False,False,True,False,False,False,True,False,True,False,False,-0.650645783322428,-0.7883593639786296,12760,55269
90,1,1,94.5,165.3,63.8,54.5,1889,3,2,97,1,3.15,3.29,9.4,69,5200,31,37,5499.0,8.612321536507814,4.574710978503383,4.23410650459726,2.2407096892759584,False,False,True,False,False,False,False,False,False,True,False,False,False,True,False,True,False,False,-2.104834057353767,0.6846353066904339,6693,58559
91,1,1,94.5,165.3,63.8,54.5,2017,3,2,103,3,2.99,3.47,21.9,55,4800,45,50,7099.0,8.867709208039386,4.634728988229636,4.007333185232471,3.086486636822455,False,False,True,False,False,False,False,False,False,False,False,False,False,True,False,True,False,False,-2.0658057379937045,0.7972613149306248,5665,90765
92,1,1,94.5,165.3,63.8,54.5,1918,3,2,97,1,3.15,3.29,9.4,69,5200,31,37,6649.0,8.802221746402456,4.574710978503383,4.23410650459726,2.2407096892759584,False,False,True,False,False,False,False,False,False,True,False,False,False,True,False,True,False,False,-2.0799868522152707,0.6796239784330734,6693,59458
93,1,0,94.5,165.3,63.8,54.5,1938,3,2,97,1,3.15,3.29,9.4,69,5200,31,37,6849.0,8.831857935197906,4.574710978503383,4.23410650459726,2.2407096892759584,False,False,True,False,False,False,False,False,False,True,False,False,False,True,False,True,False,False,-2.0628508486714803,0.6761678899797213,6693,60078
94,1,0,94.5,170.2,63.8,53.5,2024,3,2,97,1,3.15,3.29,9.4,69,5200,31,37,7349.0,8.90231952852887,4.574710978503383,4.23410650459726,2.2407096892759584,False,False,True,False,False,False,False,False,False,True,False,False,False,False,True,True,False,False,-1.893528765829362,0.43187680567326975,6693,62744
95,1,1,94.5,165.3,63.8,54.5,1951,3,2,97,1,3.15,3.29,9.4,69,5200,31,37,7299.0,8.895492631451633,4.574710978503383,4.23410650459726,2.2407096892759584,False,False,True,False,False,False,False,False,False,True,False,False,False,True,False,True,False,False,-2.051712446368016,0.6739214324850424,6693,60481
96,1,1,94.5,165.6,63.8,53.3,2028,3,2,97,1,3.15,3.29,9.4,69,5200,31,37,7799.0,8.961750799330497,4.574710978503383,4.23410650459726,2.2407096892759584,False,False,True,False,False,False,False,False,False,True,False,False,True,False,False,True,False,False,-2.0639319497565283,0.31020685224783595,6693,62868
97,1,0,94.5,165.3,63.8,54.5,1971,3,2,97,1,3.15,3.29,9.4,69,5200,31,37,7499.0,8.92252495730139,4.574710978503383,4.23410650459726,2.2407096892759584,False,False,True,False,False,False,False,False,False,True,False,False,False,True,False,True,False,False,-2.0345764428242257,0.6704653440316903,6693,61101
98,1,0,94.5,170.2,63.8,53.5,2037,3,2,97,1,3.15,3.29,9.4,69,5200,31,37,7999.0,8.987071812848821,4.574710978503383,4.23410650459726,2.2407096892759584,False,False,True,False,False,False,False,False,False,True,False,False,False,False,True,True,False,False,-1.882390363525898,0.4296303481785909,6693,63147
99,2,1,95.1,162.4,63.8,53.3,2008,3,2,97,1,3.15,3.29,9.4,69,5200,31,37,8249.0,9.017847259860732,4.574710978503383,4.23410650459726,2.2407096892759584,False,False,True,False,False,False,False,False,False,True,False,True,False,False,False,True,False,False,-2.1525732167506524,0.30433724007075363,6693,62248
100,0,0,97.2,173.4,65.2,54.7,2324,3,2,120,1,3.33,3.47,8.5,97,5200,27,34,8949.0,9.099297073182859,4.787491742782046,4.574710978503383,2.1400661634962708,False,False,True,False,False,False,False,False,False,True,False,False,True,False,False,True,False,False,-0.5135567727553775,0.3751197604927665,11640,62748
101,0,0,97.2,173.4,65.2,54.7,2302,3,2,120,1,3.33,3.47,8.5,97,5200,27,34,9549.0,9.164191715950203,4.787491742782046,4.574710978503383,2.1400661634962708,False,False,True,False,False,False,False,False,False,True,False,False,False,True,False,True,False,False,-0.5324063766535472,0.37892145779145386,11640,62154
102,0,0,100.4,181.7,66.5,55.1,3095,5,3,181,5,3.43,3.27,9.0,152,5200,17,22,13499.0,9.510370887608827,5.198497031265826,5.0238805208462765,2.1972245773362196,False,False,True,False,False,False,False,False,False,True,False,False,False,True,False,True,False,False,2.007557514771025,-0.5478897080343658,27512,52615
103,0,0,100.4,184.6,66.5,56.1,3296,5,3,181,5,3.43,3.27,9.0,152,5200,17,22,14399.0,9.57491403870827,5.198497031265826,5.0238805208462765,2.1972245773362196,False,False,True,False,False,False,False,False,False,True,False,False,False,False,True,True,False,False,2.3538630931088553,-0.2482251259083971,27512,56032
104,0,0,100.4,184.6,66.5,55.1,3060,5,3,181,5,3.43,3.27,9.0,152,5200,19,25,13499.0,9.510370887608827,5.198497031265826,5.0238805208462765,2.1972245773362196,False,False,True,False,False,False,False,False,False,True,False,False,False,True,False,True,False,False,2.0778522559984953,-0.5028148526431983,27512,58140
105,3,1,91.3,170.7,67.9,49.7,3071,5,3,181,5,3.43,3.27,9.0,160,5200,19,25,17199.0,9.752606521576492,5.198497031265826,5.075173815233827,2.1972245773362196,False,False,True,False,False,False,False,False,False,True,False,False,True,False,False,False,True,False,0.9609194420221765,-2.9141999083956582,28960,58349
106,3,1,91.3,170.7,67.9,49.7,3139,5,3,181,5,3.43,3.27,7.8,200,5200,17,23,19699.0,9.888323152016355,5.198497031265826,5.298317366548036,2.0541237336955462,False,False,True,False,False,False,False,False,False,True,True,False,True,False,False,False,True,False,1.3838849871915246,-3.4445287370996787,36200,53363
107,1,1,99.2,178.5,67.9,49.7,3139,5,3,181,5,3.43,3.27,9.0,160,5200,19,25,18399.0,9.820051594294094,5.198497031265826,5.075173815233827,2.1972245773362196,False,False,True,False,False,False,False,False,False,True,False,False,True,False,False,False,True,False,1.8044034215014109,-2.3767620180641407,28960,59641
108,0,0,107.9,186.7,68.4,56.7,3020,2,2,120,5,3.46,3.19,8.4,97,5000,19,24,11900.0,9.38429367909962,4.787491742782046,4.574710978503383,2.128231705849268,False,False,False,False,True,False,False,False,False,True,False,False,False,True,False,False,True,False,2.0141504561701087,1.5987977727037317,11640,57380
109,0,0,107.9,186.7,68.4,56.7,3197,2,2,152,3,3.7,3.52,21.0,95,4150,28,33,13200.0,9.487972108574462,5.0238805208462765,4.553876891600541,3.044522437723423,False,False,False,False,True,False,False,False,False,False,True,False,False,True,False,False,True,False,2.4515902283271083,1.344767653914903,14440,89516
110,0,0,114.2,198.9,68.4,58.7,3230,2,2,120,5,3.46,3.19,8.4,97,5000,19,24,12440.0,9.42867236629317,4.787491742782046,4.574710978503383,2.128231705849268,False,False,False,False,True,False,False,False,False,True,False,False,False,False,True,False,True,False,3.1746610219638223,2.671684848078648,11640,61370
111,0,0,114.2,198.9,68.4,58.7,3430,2,2,152,3,3.7,3.52,21.0,95,4150,25,25,13860.0,9.536762272743895,5.0238805208462765,4.553876891600541,3.044522437723423,False,False,False,False,True,False,False,False,False,False,True,False,False,False,True,False,True,False,3.631807198196181,2.413680227568465,14440,85750
112,0,0,107.9,186.7,68.4,56.7,3075,2,2,120,5,3.46,2.19,8.4,95,5000,19,24,15580.0,9.65374331942474,4.787491742782046,4.553876891600541,2.128231705849268,False,False,False,False,True,False,False,False,False,True,False,False,False,True,False,False,True,False,2.04303930925951,1.6152224358551446,11400,58425
113,0,0,107.9,186.7,68.4,56.7,3252,2,2,152,3,3.7,3.52,21.0,95,4150,28,33,16900.0,9.735068900911164,5.0238805208462765,4.553876891600541,3.044522437723423,False,False,False,False,True,False,False,False,False,False,True,False,False,True,False,False,True,False,2.498714238072532,1.3352634106681847,14440,91056
114,0,0,114.2,198.9,68.4,56.7,3285,2,2,120,5,3.46,2.19,8.4,95,5000,19,24,16695.0,9.722864552377755,4.787491742782046,4.553876891600541,2.128231705849268,False,False,False,False,True,False,False,False,False,True,False,False,False,False,True,False,True,False,3.055937884465962,2.097366370261349,11400,62415
115,0,0,114.2,198.9,68.4,58.7,3485,2,2,152,3,3.7,3.52,21.0,95,4150,25,25,17075.0,9.74537068443899,5.0238805208462765,4.553876891600541,3.044522437723423,False,False,False,False,True,False,False,False,False,False,True,False,False,False,True,False,True,False,3.678931207941605,2.4041759843217467,14440,87125
116,0,0,107.9,186.7,68.4,56.7,3075,2,2,120,5,3.46,3.19,8.4,97,5000,19,24,16630.0,9.718963572186974,4.787491742782046,4.574710978503383,2.128231705849268,False,False,False,False,True,False,False,False,False,True,False,False,False,True,False,False,True,False,2.061274465915533,1.5892935294570134,11640,58425
117,0,0,107.9,186.7,68.4,56.7,3252,2,2,152,3,3.7,3.52,21.0,95,4150,28,33,17950.0,9.795345393916424,5.0238805208462765,4.553876891600541,3.044522437723423,False,False,False,False,True,False,False,False,False,False,True,False,False,True,False,False,True,False,2.498714238072532,1.3352634106681847,14440,91056
118,0,0,108.0,186.7,68.3,56.0,3130,2,2,134,5,3.61,3.21,7.0,142,5600,18,24,18150.0,9.806425839692997,4.897839799950911,4.955827057601261,1.9459101490553132,False,False,False,False,True,False,False,False,False,True,True,False,False,True,False,False,True,False,2.5870085676925205,0.6870089008283251,19028,56340
119,1,1,93.7,157.3,63.8,50.8,1918,3,2,90,1,2.97,3.23,9.4,68,5500,37,41,5572.0,8.625509334899697,4.499809670330265,4.219507705176107,2.2407096892759584,False,False,False,True,False,False,False,False,False,True,False,False,True,False,False,True,False,False,-2.7575354155524265,-0.4983803038342915,6120,70966
120,1,1,93.7,157.3,63.8,50.8,2128,3,2,98,6,3.03,3.39,7.6,102,5500,24,30,7957.0,8.981807323377534,4.584967478670572,4.624972813284271,2.028148247292285,False,False,False,True,False,False,False,False,False,True,True,False,True,False,False,True,False,False,-2.191604390827615,-1.0378038019564169,9996,51072
121,1,0,93.7,157.3,63.8,50.6,1967,3,2,90,1,2.97,3.23,9.4,68,5500,31,38,6229.0,8.736971085254146,4.499809670330265,4.219507705176107,2.2407096892759584,False,False,False,True,False,False,False,False,False,True,False,False,True,False,False,True,False,False,-2.730313405928866,-0.5659220346418743,6120,60977
122,1,0,93.7,167.3,63.8,50.8,1989,3,2,90,1,2.97,3.23,9.4,68,5500,31,38,6692.0,8.808668062106715,4.499809670330265,4.219507705176107,2.2407096892759584,False,False,False,True,False,False,False,False,False,True,False,False,False,True,False,True,False,False,-2.350900025630234,-0.37607458819610134,6120,61659
123,1,0,93.7,167.3,63.8,50.8,2191,3,2,98,1,2.97,3.23,9.4,68,5500,31,38,7609.0,8.937087036176523,4.584967478670572,4.219507705176107,2.2407096892759584,False,False,False,True,False,False,False,False,False,True,False,False,False,True,False,True,False,False,-2.10182106547533,-0.47332424216865615,6664,67921
124,-1,0,103.3,174.6,64.6,59.8,2535,3,2,122,1,3.35,3.46,8.5,88,5000,24,30,8921.0,9.096163326913784,4.804021044733257,4.477336814478207,2.1400661634962708,False,False,False,True,False,False,False,False,False,True,False,False,False,False,True,True,False,False,0.30281106600843005,2.3104473832256325,10736,60840
125,3,1,95.9,173.2,66.3,50.2,2818,3,2,156,6,3.59,3.86,7.0,145,5000,19,24,12764.0,9.454383987398135,5.049856007249537,4.976733742420574,1.9459101490553132,False,False,False,True,False,False,False,False,False,True,True,False,True,False,False,False,True,False,0.4805632735893329,-2.027480274417351,22620,53542
126,3,1,94.5,168.9,68.3,50.2,2778,3,2,151,5,3.94,3.11,9.5,143,5500,19,27,22018.0,9.999615579630348,5.017279836814924,4.962844630259907,2.2512917986064953,False,False,False,True,False,False,False,False,False,True,False,False,True,False,False,False,True,False,0.5315303083210361,-2.1094164267132025,21593,52782
127,3,1,89.5,168.9,65.0,51.6,2756,4,3,194,5,3.74,2.9,9.5,207,5900,17,25,32528.0,10.389856535868129,5.267858159063328,5.332718793265369,2.2512917986064953,False,False,False,True,False,False,False,False,False,True,False,True,False,False,False,False,True,True,0.636606360592174,-3.109765325371269,40158,46852
128,3,1,89.5,168.9,65.0,51.6,2756,4,3,194,5,3.74,2.9,9.5,207,5900,17,25,34028.0,10.434938994095775,5.267858159063328,5.332718793265369,2.2512917986064953,False,False,False,True,False,False,False,False,False,True,False,True,False,False,False,False,True,True,0.636606360592174,-3.109765325371269,40158,46852
129,3,1,89.5,168.9,65.0,51.6,2800,4,3,194,5,3.74,2.9,9.5,207,5900,17,25,37028.0,10.519429662187102,5.267858159063328,5.332718793265369,2.2512917986064953,False,False,False,True,False,False,False,False,False,True,False,False,False,False,False,False,True,True,0.6743055683885134,-3.1173687199686433,40158,47600
130,1,1,98.4,175.7,72.3,50.5,3366,1,0,203,5,3.94,3.11,10.0,207,5750,17,28,31400.5,10.354579095336446,5.313205979041787,5.662960480135946,2.302585092994046,False,False,False,True,False,False,False,False,False,True,False,False,True,False,False,False,True,False,3.4067136884622373,-3.080863954747689,42021,57222
131,0,0,96.1,181.5,66.5,55.2,2579,3,2,132,5,3.46,3.9,8.7,90,5100,23,31,9295.0,9.137231900155545,4.882801922586371,4.499809670330265,2.163323025660538,False,False,False,True,False,False,False,False,False,True,False,False,False,False,True,True,False,False,0.25450451395634244,0.5119802366890442,11880,59317
132,2,1,96.1,176.8,66.6,50.5,2460,3,2,132,5,3.46,3.9,8.7,90,5100,23,31,9895.0,9.199784858036667,4.882801922586371,4.499809670330265,2.163323025660538,False,False,False,True,False,False,False,False,False,True,False,False,True,False,False,True,False,False,-0.33731878248539643,-0.9198101863688912,11880,56580
133,3,1,99.1,186.6,66.5,56.1,2658,3,2,121,5,3.54,3.07,9.31,110,5250,21,28,11850.0,9.380083146563278,4.795790545596741,4.700480365792417,2.231089091288976,False,False,False,True,False,False,False,False,False,True,False,False,True,False,False,True,False,False,0.8385784902196081,0.8279202699734902,13310,55818
134,2,0,99.1,186.6,66.5,56.1,2695,3,2,121,5,3.54,3.07,9.3,110,5250,21,28,12170.0,9.406729185981574,4.795790545596741,4.700480365792417,2.2300144001592104,False,False,False,True,False,False,False,False,False,True,False,False,False,True,False,True,False,False,0.8702800967756207,0.8215265063347889,13310,56595
135,3,1,99.1,186.6,66.5,56.1,2707,3,2,121,5,2.54,2.07,9.3,110,5250,21,28,15040.0,9.618468597503831,4.795790545596741,4.700480365792417,2.2300144001592104,False,False,False,True,False,False,False,False,False,True,False,False,True,False,False,True,False,False,0.880561698901895,0.8194528532627776,13310,56847
136,2,0,99.1,186.6,66.5,56.1,2758,3,2,121,5,3.54,3.07,9.3,110,5250,21,28,15510.0,9.649240256170584,4.795790545596741,4.700480365792417,2.2300144001592104,False,False,False,True,False,False,False,False,False,True,False,False,False,True,False,True,False,False,0.924258507938561,0.8106398277067297,13310,57918
137,3,1,99.1,186.6,66.5,56.1,2808,0,2,121,5,3.54,3.07,9.0,160,5500,19,26,18150.0,9.806425839692997,4.795790545596741,5.075173815233827,2.1972245773362196,False,False,False,True,False,False,False,False,False,True,True,False,True,False,False,True,False,False,1.422977433198613,0.15377694662007022,19360,53352
138,2,0,99.1,186.6,66.5,56.1,2847,0,2,121,5,3.54,3.07,9.0,160,5500,19,26,18620.0,9.831991550831058,4.795790545596741,5.075173815233827,2.1972245773362196,False,False,False,True,False,False,False,False,False,True,True,False,False,True,False,True,False,False,1.4563926401090046,0.14703757413603366,19360,54093
139,2,1,93.7,156.9,63.4,53.7,2050,4,2,97,1,3.62,2.36,9.0,69,4900,31,36,5195.0,8.540519016719735,4.574710978503383,4.23410650459726,2.1972245773362196,False,False,False,False,False,True,False,False,False,True,False,False,True,False,False,True,False,False,-2.4468155272582335,0.26591974745191693,6693,63550
140,2,1,93.7,157.9,63.6,53.7,2120,4,2,108,1,3.62,2.64,8.7,73,4400,26,31,7053.0,8.86120833720818,4.68213122712422,4.290459441148391,2.163323025660538,False,False,False,False,False,True,False,False,False,True,False,False,True,False,False,True,False,False,-2.172178995061151,0.12798606592826942,7884,55120
141,2,1,93.3,157.3,63.8,55.7,2240,4,2,108,1,3.62,2.64,8.7,73,4400,26,31,7603.0,8.936298185228436,4.68213122712422,4.290459441148391,2.163323025660538,False,False,False,False,False,True,False,False,False,True,False,False,True,False,False,False,False,False,-1.9294975509686716,0.6657108268710744,7884,58240
142,0,0,97.2,172.0,65.4,52.5,2145,4,2,108,1,3.62,2.64,9.5,82,4800,32,37,7126.0,8.871505346165781,4.68213122712422,4.406719247264253,2.2512917986064953,False,False,False,False,False,True,False,False,False,True,False,False,False,True,False,True,False,False,-1.089378588661241,0.023660163521475437,8856,68640
143,0,0,97.2,172.0,65.4,52.5,2190,4,2,108,1,3.62,2.64,9.5,82,4400,28,33,7775.0,8.958668737047434,4.68213122712422,4.406719247264253,2.2512917986064953,False,False,False,False,False,True,False,False,False,True,False,False,False,True,False,True,False,False,-1.0508225806877123,0.015883964501433263,8856,61320
144,0,0,97.2,172.0,65.4,52.5,2340,4,2,108,5,3.62,2.64,9.0,94,5200,26,32,9960.0,9.206332350578643,4.68213122712422,4.543294782270004,2.1972245773362196,False,False,False,False,False,True,False,False,False,True,False,False,False,True,False,True,False,False,-0.8128916141731445,-0.16561013728749455,10152,60840
145,0,0,97.0,172.0,65.4,54.3,2385,4,2,108,1,3.62,2.64,9.0,82,4800,24,25,9233.0,9.130539301772627,4.68213122712422,4.406719247264253,2.1972245773362196,False,False,False,False,False,True,False,False,False,True,False,False,False,True,False,False,False,False,-0.7639462750402259,0.5026098473341591,8856,57240
146,0,0,97.0,172.0,65.4,54.3,2510,4,2,108,5,3.62,2.64,7.7,111,4800,24,29,11259.0,9.32892308780313,4.68213122712422,4.709530201312334,2.0412203288596382,False,False,False,False,False,True,False,False,False,True,True,False,False,True,False,False,False,False,-0.392436481379201,0.1050401517278065,11988,60240
147,0,0,97.0,173.5,65.4,53.0,2290,4,2,108,1,3.62,2.64,9.0,82,4800,28,32,7463.0,8.917712757131387,4.68213122712422,4.406719247264253,2.1972245773362196,False,False,False,False,False,True,False,False,False,True,False,False,False,False,True,True,False,False,-0.8894196991536909,0.15522945030505772,8856,64120
148,0,0,97.0,173.5,65.4,53.0,2455,4,2,108,5,3.62,2.64,9.0,94,5200,25,31,10198.0,9.2299469016151,4.68213122712422,4.543294782270004,2.1972245773362196,False,False,False,False,False,True,False,False,False,True,False,False,False,False,True,True,False,False,-0.6386367299812803,-0.028856717823884145,10152,61375
149,0,0,96.9,173.6,65.4,54.9,2420,4,2,108,1,3.62,2.64,9.0,82,4800,23,29,8013.0,8.98882050177807,4.68213122712422,4.406719247264253,2.1972245773362196,False,False,False,False,False,True,False,False,False,True,False,False,False,False,True,False,False,False,-0.6408715195042396,0.6896935667655559,8856,55660
150,0,0,96.9,173.6,65.4,54.9,2650,4,2,108,5,3.62,2.64,7.7,111,4800,23,23,11694.0,9.366831168735615,4.68213122712422,4.709530201312334,2.0412203288596382,False,False,False,False,False,True,False,False,False,True,True,False,False,False,True,False,False,False,-0.17939770723831389,0.27397940677910476,11988,60950
151,1,1,95.7,158.7,63.6,54.5,1985,3,2,92,1,3.05,3.03,9.0,62,4800,35,39,5348.0,8.584477938221834,4.5217885770490405,4.127134385045092,2.1972245773362196,False,False,False,False,False,False,True,False,False,True,False,False,True,False,False,True,False,False,-2.3229368225627853,0.7781340283141204,5704,69475
152,1,1,95.7,158.7,63.6,54.5,2040,3,2,92,1,3.05,3.03,9.0,62,4800,31,38,6338.0,8.754318540250866,4.5217885770490405,4.127134385045092,2.1972245773362196,False,False,False,False,False,False,True,False,False,True,False,False,True,False,False,True,False,False,-2.275812812817361,0.7686297850674021,5704,63240
153,1,0,95.7,158.7,63.6,54.5,2015,3,2,92,1,3.05,3.03,9.0,62,4800,31,38,6488.0,8.77770959579525,4.5217885770490405,4.127134385045092,2.1972245773362196,False,False,False,False,False,False,True,False,False,True,False,False,True,False,False,True,False,False,-2.2972328172470995,0.7729498956340921,5704,62465
154,0,0,95.7,169.7,63.6,59.1,2280,3,2,92,1,3.05,3.03,9.0,62,4800,31,37,6918.0,8.841881989497114,4.5217885770490405,4.127134385045092,2.1972245773362196,False,False,False,False,False,False,True,False,False,True,False,False,False,False,True,True,False,False,-1.3502903568652624,2.233898260467565,5704,70680
155,0,0,95.7,169.7,63.6,59.1,2290,3,2,92,1,3.05,3.03,9.0,62,4800,27,32,7898.0,8.974364841846596,4.5217885770490405,4.127134385045092,2.1972245773362196,False,False,False,False,False,False,True,False,False,True,False,False,False,False,True,False,False,False,-1.341722355093367,2.2321702162408887,5704,61830
156,0,0,95.7,169.7,63.6,59.1,3110,3,2,92,1,3.05,3.03,9.0,62,4800,27,32,8778.0,9.080003870248179,4.5217885770490405,4.127134385045092,2.1972245773362196,False,False,False,False,False,False,True,False,False,True,False,False,False,False,True,False,False,False,-0.6391462097979521,2.090470589653453,5704,83970
157,0,0,95.7,166.3,64.4,53.0,2081,3,2,98,1,3.19,3.03,9.0,70,4800,30,37,6938.0,8.844768827529695,4.584967478670572,4.248495242049359,2.1972245773362196,False,False,False,False,False,False,True,False,False,True,False,False,False,True,False,True,False,False,-1.8022279088212827,0.26343053734956023,6860,62430
158,0,0,95.7,166.3,64.4,52.8,2109,3,2,98,1,3.19,3.03,9.0,70,4800,30,37,7198.0,8.881558488638976,4.584967478670572,4.248495242049359,2.1972245773362196,False,False,False,False,False,False,True,False,False,True,False,False,True,False,False,True,False,False,-1.7929987029187022,0.19951769941799513,6860,63270
159,0,0,95.7,166.3,64.4,53.0,2275,3,2,110,3,3.27,3.35,22.5,56,4500,34,36,7898.0,8.974364841846596,4.700480365792417,4.02535169073515,3.1135153092103742,False,False,False,False,False,False,True,False,False,False,False,False,False,True,False,True,False,False,-1.6496467844947467,0.31789408324841545,6160,77350
160,0,0,95.7,166.3,64.4,52.8,2275,3,2,110,3,3.27,3.35,22.5,56,4500,38,47,7788.0,8.960339366492091,4.700480365792417,4.02535169073515,3.1135153092103742,False,False,False,False,False,False,True,False,False,False,False,False,True,False,False,True,False,False,-1.664407983553473,0.2588197691515433,6160,86450
161,0,0,95.7,166.3,64.4,53.0,2094,3,2,98,1,3.19,3.03,9.0,70,4800,38,47,7738.0,8.953898535260459,4.584967478670572,4.248495242049359,2.1972245773362196,False,False,False,False,False,False,True,False,False,True,False,False,False,True,False,True,False,False,-1.791089506517819,0.26118407985488135,6860,79572
162,0,0,95.7,166.3,64.4,52.8,2122,3,2,98,1,3.19,3.03,9.0,70,4800,28,34,8358.0,9.03097444300786,4.584967478670572,4.248495242049359,2.1972245773362196,False,False,False,False,False,False,True,False,False,True,False,False,True,False,False,True,False,False,-1.7818603006152385,0.1972712419233163,6860,59416
163,0,0,95.7,166.3,64.4,52.8,2140,3,2,98,1,3.19,3.03,9.0,70,4800,28,34,9258.0,9.133243321591216,4.584967478670572,4.248495242049359,2.1972245773362196,False,False,False,False,False,False,True,False,False,True,False,False,False,True,False,True,False,False,-1.7664378974258268,0.19416076231529938,6860,59920
164,1,1,94.5,168.7,64.0,52.6,2169,3,2,98,1,3.19,3.03,9.0,70,4800,29,34,8058.0,8.994420665751292,4.584967478670572,4.248495242049359,2.1972245773362196,False,False,False,False,False,False,True,False,False,True,False,False,False,True,False,False,True,False,-1.8298676508800746,0.09832698194105415,6860,62901
165,1,1,94.5,168.7,64.0,52.6,2204,3,2,98,1,3.19,3.03,9.0,70,4800,29,34,8238.0,9.016512874996026,4.584967478670572,4.248495242049359,2.1972245773362196,False,False,False,False,False,False,True,False,False,True,False,False,True,False,False,False,True,False,-1.799879644678441,0.09227882714768797,6860,63916
166,1,1,94.5,168.7,64.0,52.6,2265,0,2,98,5,3.24,3.08,9.4,112,6600,26,29,9298.0,9.13755460225053,4.584967478670572,4.718498871295094,2.2407096892759584,False,False,False,False,False,False,True,False,False,True,False,False,False,True,False,False,True,False,-1.3646765440933963,-0.4627692769957905,10976,58890
167,1,1,94.5,168.7,64.0,52.6,2300,0,2,98,5,3.24,3.08,9.4,112,6600,26,29,9538.0,9.16303909885817,4.584967478670572,4.718498871295094,2.2407096892759584,False,False,False,False,False,False,True,False,False,True,False,False,True,False,False,False,True,False,-1.3346885378917628,-0.4688174317891567,10976,59800
168,2,1,98.4,176.2,65.6,52.0,2540,3,2,146,5,3.62,3.5,9.3,116,4800,24,30,8449.0,9.041803370152845,4.983606621708336,4.7535901911063645,2.2300144001592104,False,False,False,False,False,False,True,False,False,True,False,True,False,False,False,False,True,False,0.14582027038720427,-0.8069220683862034,16936,60960
169,2,1,98.4,176.2,65.6,52.0,2536,3,2,146,5,3.62,3.5,9.3,116,4800,24,30,9639.0,9.173572647783969,4.983606621708336,4.7535901911063645,2.2300144001592104,False,False,False,False,False,False,True,False,False,True,False,True,False,False,False,False,True,False,0.14239306967844617,-0.806230850695533,16936,60864
170,2,1,98.4,176.2,65.6,52.0,2551,3,2,146,5,3.62,3.5,9.3,116,4800,24,30,9989.0,9.20923976653215,4.983606621708336,4.7535901911063645,2.2300144001592104,False,False,False,False,False,False,True,False,False,True,False,False,True,False,False,False,True,False,0.15524507233628912,-0.8088229170355471,16936,61224
171,2,1,98.4,176.2,65.6,52.0,2679,3,2,146,5,3.62,3.5,9.3,116,4800,24,30,11199.0,9.323579767582693,4.983606621708336,4.7535901911063645,2.2300144001592104,False,False,False,False,False,False,True,False,False,True,False,True,False,False,False,False,True,False,0.264915495016549,-0.8309418831370005,16936,64296
172,2,1,98.4,176.2,65.6,52.0,2714,3,2,146,5,3.62,3.5,9.3,116,4800,24,30,11549.0,9.354354132115088,4.983606621708336,4.7535901911063645,2.2300144001592104,False,False,False,False,False,False,True,False,False,True,False,False,True,False,False,False,True,False,0.29490350121818254,-0.8369900379303666,16936,65136
173,2,1,98.4,176.2,65.6,53.0,2975,3,2,146,5,3.62,3.5,9.3,116,4800,24,30,17669.0,9.77956697061665,4.983606621708336,4.7535901911063645,2.2300144001592104,False,False,False,False,False,False,True,False,False,True,False,False,False,False,False,False,True,False,0.5923343427582809,-0.5867204217622554,16936,71400
174,-1,0,102.4,175.6,66.5,54.9,2326,3,2,122,5,3.31,3.54,8.7,92,4200,29,34,8948.0,9.09918532261002,4.804021044733257,4.5217885770490405,2.163323025660538,False,False,False,False,False,False,True,False,False,True,False,False,False,True,False,True,False,False,0.14588864475016014,0.7939407503268961,11224,67454
175,-1,0,102.4,175.6,66.5,54.9,2480,3,2,110,3,3.27,3.35,22.5,73,4500,30,33,10698.0,9.277812087091196,4.700480365792417,4.290459441148391,3.1135153092103742,False,False,False,False,False,False,True,False,False,False,True,False,False,True,False,True,False,False,-0.009406102738799218,1.1071682209088785,8030,74400
176,-1,0,102.4,175.6,66.5,53.9,2414,3,2,122,5,3.31,3.54,8.7,92,4200,27,32,9988.0,9.209139651399664,4.804021044733257,4.5217885770490405,2.163323025660538,False,False,False,False,False,False,True,False,False,True,False,False,True,False,False,True,False,False,0.1474810650492079,0.48336239064779063,11224,65178
177,-1,0,102.4,175.6,66.5,54.9,2414,3,2,122,5,3.31,3.54,8.7,92,4200,27,32,10898.0,9.296334565143043,4.804021044733257,4.5217885770490405,2.163323025660538,False,False,False,False,False,False,True,False,False,True,False,False,False,True,False,True,False,False,0.22128706034283877,0.7787339611321469,11224,65178
178,-1,0,102.4,175.6,66.5,53.9,2458,3,2,122,5,3.31,3.54,8.7,92,4200,27,32,11248.0,9.327945614050446,4.804021044733257,4.5217885770490405,2.163323025660538,False,False,False,False,False,False,True,False,False,True,False,False,True,False,False,True,False,False,0.18518027284554725,0.47575899605041605,11224,66366
179,3,1,102.9,183.5,67.7,52.0,2976,0,3,171,5,3.27,3.35,9.3,161,5200,20,24,16558.0,9.71462464769875,5.14166355650266,5.081404364984463,2.2300144001592104,False,False,False,False,False,False,True,False,False,True,False,False,True,False,False,False,True,False,2.1238429936021164,-1.3272206664491415,27531,59520
180,3,1,102.9,183.5,67.7,52.0,3016,0,3,171,5,3.27,3.35,9.3,161,5200,19,24,15998.0,9.680218993408767,5.14166355650266,5.081404364984463,2.2300144001592104,False,False,False,False,False,False,True,False,False,True,False,False,True,False,False,False,True,False,2.1581150006896976,-1.3341328433558457,27531,57304
181,-1,0,104.5,187.8,66.5,54.1,3131,0,3,171,5,3.27,3.35,9.2,156,5200,20,24,15690.0,9.660778845727078,5.14166355650266,5.049856007249537,2.2192034840549946,False,False,False,False,False,False,True,False,False,True,False,False,False,True,False,False,True,False,2.3845352247701004,-0.5107757805157698,26676,62620
182,-1,0,104.5,187.8,66.5,54.1,3151,0,3,161,5,3.27,3.35,9.2,156,5200,19,24,15750.0,9.66459564425378,5.081404364984463,5.049856007249537,2.2192034840549946,False,False,False,False,False,False,True,False,False,True,False,False,False,False,True,False,True,False,2.306664572860617,-0.43630291822699896,25116,59869
183,2,1,97.3,171.7,65.5,55.7,2261,3,2,97,3,3.01,3.4,23.0,52,4800,37,46,7775.0,8.958668737047434,4.574710978503383,3.9512437185814275,3.1354942159291497,False,False,False,False,False,False,False,True,False,False,False,False,False,True,False,True,False,False,-1.116142757235836,1.4241875156057762,5044,83657
184,2,1,97.3,171.7,65.5,55.7,2209,3,2,109,5,3.19,3.4,9.0,85,5250,27,34,7975.0,8.984066927653044,4.6913478822291435,4.442651256490317,2.1972245773362196,False,False,False,False,False,False,False,True,False,True,False,False,False,True,False,True,False,False,-0.7458082950813834,0.9118316491247799,9265,59643
185,2,0,97.3,171.7,65.5,55.7,2264,3,2,97,3,3.01,3.4,23.0,52,4800,37,46,7995.0,8.986571625268054,4.574710978503383,3.9512437185814275,3.1354942159291497,False,False,False,False,False,False,False,True,False,False,False,False,False,True,False,True,False,False,-1.1135723567042675,1.4236691023377732,5044,83768
186,2,0,97.3,171.7,65.5,55.7,2212,3,2,109,5,3.19,3.4,9.0,85,5250,27,34,8195.0,9.01127949117793,4.6913478822291435,4.442651256490317,2.1972245773362196,False,False,False,False,False,False,False,True,False,True,False,False,False,True,False,True,False,False,-0.7432378945498147,0.9113132358567771,9265,59724
187,2,0,97.3,171.7,65.5,55.7,2275,3,2,109,5,3.19,3.4,9.0,85,5250,27,34,8495.0,9.047233034106032,4.6913478822291435,4.442651256490317,2.1972245773362196,False,False,False,False,False,False,False,True,False,True,False,False,False,True,False,True,False,False,-0.6892594833868744,0.900426557228718,9265,61425
188,2,0,97.3,171.7,65.5,55.7,2319,3,2,97,3,3.01,3.4,23.0,68,4500,37,42,9495.0,9.158520623246385,4.574710978503383,4.219507705176107,3.1354942159291497,False,False,False,False,False,False,False,True,False,False,True,False,False,True,False,True,False,False,-0.920567093710659,1.2067336079060058,6596,85803
189,2,0,97.3,171.7,65.5,55.7,2300,3,2,109,5,3.19,3.4,10.0,100,5500,26,32,9995.0,9.209840246934501,4.6913478822291435,4.605170185988092,2.302585092994046,False,False,False,False,False,False,False,True,False,True,False,False,False,True,False,True,False,False,-0.5310758040369634,0.7016396486760441,10900,59800
190,3,1,94.5,159.3,64.2,55.6,2254,3,2,109,5,3.19,3.4,8.5,90,5500,24,29,11595.0,9.358329249689632,4.6913478822291435,4.499809670330265,2.1400661634962708,False,False,False,False,False,False,False,True,False,True,False,False,False,False,False,True,False,False,-1.5347145573314769,0.4965268715119187,9810,54096
191,3,1,94.5,165.7,64.0,51.4,2221,3,2,109,5,3.19,3.4,8.5,90,5500,24,29,9980.0,9.20833836930551,4.6913478822291435,4.499809670330265,2.1400661634962708,False,False,False,False,False,False,False,True,False,True,False,False,True,False,False,True,False,False,-1.6907631216622658,-0.6504880913108135,9810,53304
192,0,0,100.4,180.2,66.9,55.1,2661,3,1,136,5,3.19,3.4,8.5,110,5500,19,24,13295.0,9.49514330367712,4.912654885736052,4.700480365792417,2.1400661634962708,False,False,False,False,False,False,False,True,False,True,False,False,False,True,False,True,False,False,0.8515728674512834,0.3986781070783913,14960,50559
193,0,0,100.4,180.2,66.9,55.1,2579,3,2,97,3,3.01,3.4,23.0,68,4500,33,38,13845.0,9.535679435605061,4.574710978503383,4.219507705176107,3.1354942159291497,False,False,False,False,False,False,False,True,False,False,True,False,False,True,False,True,False,False,0.02785100687749121,1.2612780119921692,6596,85107
194,0,0,100.4,183.1,66.9,55.1,2563,3,2,109,5,3.19,3.4,9.0,88,5500,25,31,12290.0,9.416541202560081,4.6913478822291435,4.477336814478207,2.1972245773362196,False,False,False,False,False,False,False,True,False,True,False,False,False,False,True,True,False,False,0.4107845045757208,0.9502657784807927,9592,64075
195,-2,0,104.3,188.8,67.2,56.2,2912,3,2,141,5,3.78,3.15,9.5,114,5400,23,28,12940.0,9.468078568054892,4.948759890378168,4.736198448394496,2.2512917986064953,False,False,False,False,False,False,False,False,True,True,False,False,False,True,False,False,True,False,1.84231925436856,0.9218507869867671,16074,66976
196,-1,0,104.3,188.8,67.2,57.5,3034,3,2,141,5,3.78,3.15,9.5,114,5400,23,28,13415.0,9.504128762859725,4.948759890378168,4.736198448394496,2.2512917986064953,False,False,False,False,False,False,False,False,True,True,False,False,False,False,True,False,True,False,2.042796669867403,1.2847516890509818,16074,69782
197,-2,0,104.3,188.8,67.2,56.2,2935,3,2,141,5,3.78,3.15,9.5,114,5400,24,28,15985.0,9.679406061493943,4.948759890378168,4.736198448394496,2.2512917986064953,False,False,False,False,False,False,False,False,True,True,False,False,False,True,False,False,True,False,1.8620256584439192,0.9178762852654123,16074,70440
198,-1,0,104.3,188.8,67.2,57.5,3042,3,2,141,5,3.78,3.15,9.5,114,5400,24,28,16515.0,9.71202433782489,4.948759890378168,4.736198448394496,2.2512917986064953,False,False,False,False,False,False,False,False,True,True,False,False,False,False,True,False,True,False,2.049651071284919,1.2833692536696408,16074,73008
199,-2,0,104.3,188.8,67.2,56.2,3045,3,2,130,5,3.62,3.15,7.5,162,5100,17,22,18420.0,9.821192309809298,4.867534450455582,5.087596335232384,2.0149030205422647,False,False,False,False,False,False,False,False,True,True,True,False,False,True,False,False,True,False,2.2894101166807195,0.36229589103316306,21060,51765
200,-1,0,104.3,188.8,67.2,57.5,3157,3,2,130,5,3.62,3.15,7.5,162,5100,17,22,18950.0,9.849559210510572,4.867534450455582,5.087596335232384,2.0149030205422647,False,False,False,False,False,False,False,False,True,True,True,False,False,False,True,False,True,False,2.4813195304076667,0.7269248373240537,21060,53669
201,-1,0,109.1,188.8,68.9,55.5,2952,3,2,141,5,3.78,3.15,9.5,114,5400,23,28,16845.0,9.731809155840653,4.948759890378168,4.736198448394496,2.2512917986064953,False,False,False,False,False,False,False,False,True,True,False,False,False,True,False,False,True,False,2.4705118910092283,0.9635053011382186,16074,67896
202,-1,0,109.1,188.8,68.8,55.5,3049,3,2,141,5,3.78,3.15,8.7,160,5300,19,25,19045.0,9.854559878912704,4.948759890378168,5.075173815233827,2.163323025660538,False,False,False,False,False,False,False,False,True,True,True,False,False,True,False,False,True,False,2.953478797410643,0.35123602312698243,22560,57931
203,-1,0,109.1,188.8,68.9,55.5,3012,5,3,173,5,3.58,2.87,8.8,134,5500,18,23,21485.0,9.975110296209095,5.153291594497779,4.897839799950911,2.174751721484161,False,False,False,False,False,False,False,False,True,True,False,False,False,True,False,False,True,False,3.008292765651306,0.44447532942205714,23182,54216
204,-1,0,109.1,188.8,68.9,55.5,3217,3,3,145,3,3.01,3.4,23.0,106,4800,26,27,22470.0,10.019936365179374,4.976733742420574,4.663439094112067,3.1354942159291497,False,False,False,False,False,False,False,False,True,False,True,False,False,True,False,False,True,False,2.662625973521671,0.9902561744269789,15370,83642
205,-1,0,109.1,188.8,68.9,55.5,3062,3,2,141,5,3.78,3.15,9.5,114,5400,19,25,22625.0,10.026810768568128,4.948759890378168,4.736198448394496,2.2512917986064953,False,False,False,False,False,False,False,False,True,True,True,False,False,True,False,False,True,False,2.5647599105000767,0.9444968146447821,16074,58178
